{"cameraMode":{"drawMode":0,"name":"Shaded","section":"Shading Mode"},"sceneLighting":false,"audioPlay":false,"sceneViewState":{"showFog":true,"showMaterialUpdate":false,"showSkybox":false,"showFlares":true,"showImageEffects":true,"showParticleSystems":true},"in2DMode":false,"pivot":{"x":6.633205890655518,"y":2.026963233947754,"z":5.1007981300354},"rotation":{"x":-0.22988128662109376,"y":-0.0825132206082344,"z":0.019564678892493249,"w":-0.9695171117782593},"size":1.799198031425476,"orthographic":false}