{"cameraMode":{"drawMode":0,"name":"Shaded","section":"Shading Mode"},"sceneLighting":true,"audioPlay":false,"sceneViewState":{"showFog":true,"showMaterialUpdate":false,"showSkybox":true,"showFlares":true,"showImageEffects":true,"showParticleSystems":true},"in2DMode":false,"pivot":{"x":-5.291853904724121,"y":2.7919039726257326,"z":5.058509826660156},"rotation":{"x":-0.079496830701828,"y":0.9065303802490234,"z":-0.1977853775024414,"w":-0.36439457535743716},"size":9.099413871765137,"orthographic":false}