{"cameraMode":{"drawMode":0,"name":"Shaded","section":"Shading Mode"},"sceneLighting":true,"audioPlay":false,"sceneViewState":{"showFog":true,"showMaterialUpdate":false,"showSkybox":true,"showFlares":true,"showImageEffects":true,"showParticleSystems":true},"in2DMode":false,"pivot":{"x":-1.3185616731643677,"y":13.671380996704102,"z":2.029627561569214},"rotation":{"x":-0.5360770225524902,"y":-0.013452569022774697,"z":0.008477332070469857,"w":-0.8441160321235657},"size":15.619953155517579,"orthographic":true}