{"cameraMode":{"drawMode":0,"name":"Shaded","section":"Shading Mode"},"sceneLighting":true,"audioPlay":false,"sceneViewState":{"showFog":true,"showMaterialUpdate":false,"showSkybox":true,"showFlares":true,"showImageEffects":true,"showParticleSystems":true},"in2DMode":false,"pivot":{"x":39.86000061035156,"y":2.884999990463257,"z":15.600000381469727},"rotation":{"x":-0.11702243238687515,"y":0.018468933179974557,"z":-0.0021778277587145569,"w":-0.9929765462875366},"size":10.0,"orthographic":false}