{"cameraMode":{"drawMode":0,"name":"Shaded","section":"Shading Mode"},"sceneLighting":true,"audioPlay":false,"sceneViewState":{"showFog":true,"showMaterialUpdate":false,"showSkybox":true,"showFlares":true,"showImageEffects":true,"showParticleSystems":true},"in2DMode":false,"pivot":{"x":0.0,"y":28.899999618530275,"z":-20.100000381469728},"rotation":{"x":-0.24171239137649537,"y":0.24231871962547303,"z":-0.06244327127933502,"w":-0.9375574588775635},"size":84.12386322021485,"orthographic":false}