{"cameraMode":{"drawMode":0,"name":"Shaded","section":"Shading Mode"},"sceneLighting":false,"audioPlay":false,"sceneViewState":{"showFog":true,"showMaterialUpdate":false,"showSkybox":false,"showFlares":true,"showImageEffects":true,"showParticleSystems":true},"in2DMode":false,"pivot":{"x":-7.252276420593262,"y":2.41674542427063,"z":-7.87423849105835},"rotation":{"x":-0.08569186925888062,"y":0.017033351585268976,"z":-0.0014651522506028414,"w":-0.9961750507354736},"size":1.9865278005599976,"orthographic":false}