{"cameraMode":{"drawMode":0,"name":"Shaded","section":"Shading Mode"},"sceneLighting":false,"audioPlay":false,"sceneViewState":{"showFog":true,"showMaterialUpdate":false,"showSkybox":false,"showFlares":true,"showImageEffects":true,"showParticleSystems":true},"in2DMode":false,"pivot":{"x":5.867796897888184,"y":3.1900672912597658,"z":-9.0},"rotation":{"x":-0.22988128662109376,"y":-0.0825132206082344,"z":0.019564678892493249,"w":-0.9695171117782593},"size":2.073934316635132,"orthographic":false}