{"cameraMode":{"drawMode":0,"name":"Shaded","section":"Shading Mode"},"sceneLighting":true,"audioPlay":false,"sceneViewState":{"showFog":true,"showMaterialUpdate":false,"showSkybox":true,"showFlares":true,"showImageEffects":true,"showParticleSystems":true},"in2DMode":false,"pivot":{"x":6.635000228881836,"y":1.8300000429153443,"z":5.011000156402588},"rotation":{"x":-0.22988128662109376,"y":-0.0825132206082344,"z":0.019564678892493249,"w":-0.9695171117782593},"size":10.0,"orthographic":false}