{"cameraMode":{"drawMode":0,"name":"Shaded","section":"Shading Mode"},"sceneLighting":false,"audioPlay":false,"sceneViewState":{"showFog":true,"showMaterialUpdate":false,"showSkybox":false,"showFlares":true,"showImageEffects":true,"showParticleSystems":true},"in2DMode":false,"pivot":{"x":1.592869520187378,"y":2.2612171173095705,"z":0.810033917427063},"rotation":{"x":-0.03719165921211243,"y":0.8169552087783814,"z":-0.053020842373371127,"w":-0.5730539560317993},"size":1.1812231540679932,"orthographic":false}