{"cameraMode":{"drawMode":0,"name":"Shaded","section":"Shading Mode"},"sceneLighting":true,"audioPlay":false,"sceneViewState":{"showFog":true,"showMaterialUpdate":false,"showSkybox":true,"showFlares":true,"showImageEffects":true,"showParticleSystems":true},"in2DMode":false,"pivot":{"x":0.04500007629394531,"y":0.4996500015258789,"z":-0.80426025390625},"rotation":{"x":0.40233364701271059,"y":0.576985776424408,"z":-0.39130714535713198,"w":0.5935677289962769},"size":5.2904887199401859,"orthographic":true}