{"cameraMode":{"drawMode":0,"name":"Shaded","section":"Shading Mode"},"sceneLighting":true,"audioPlay":false,"sceneViewState":{"showFog":true,"showMaterialUpdate":false,"showSkybox":true,"showFlares":true,"showImageEffects":true,"showParticleSystems":true},"in2DMode":false,"pivot":{"x":-4.562344074249268,"y":-0.75,"z":7.7170562744140629},"rotation":{"x":-0.5092839002609253,"y":0.000504215422552079,"z":-0.00032313790870830417,"w":-0.860681414604187},"size":21.342119216918947,"orthographic":true}