{"cameraMode":{"drawMode":0,"name":"Shaded","section":"Shading Mode"},"sceneLighting":false,"audioPlay":false,"sceneViewState":{"showFog":true,"showMaterialUpdate":false,"showSkybox":false,"showFlares":true,"showImageEffects":true,"showParticleSystems":true},"in2DMode":false,"pivot":{"x":2.1203205585479738,"y":5.115506172180176,"z":5.960464477539063e-8},"rotation":{"x":-0.026306146755814554,"y":0.9465846419334412,"z":-0.07999566197395325,"w":-0.3112729489803314},"size":0.9358832240104675,"orthographic":false}