{"cameraMode":{"drawMode":0,"name":"Shaded","section":"Shading Mode"},"sceneLighting":false,"audioPlay":false,"sceneViewState":{"showFog":true,"showMaterialUpdate":false,"showSkybox":false,"showFlares":true,"showImageEffects":true,"showParticleSystems":true},"in2DMode":false,"pivot":{"x":1.8453108072280884,"y":2.4463493824005129,"z":0.18570968508720399},"rotation":{"x":-0.08266034722328186,"y":0.03646340221166611,"z":-0.003025676356628537,"w":-0.9959102869033814},"size":0.7677950263023377,"orthographic":false}