{"cameraMode":{"drawMode":0,"name":"Shaded","section":"Shading Mode"},"sceneLighting":false,"audioPlay":false,"sceneViewState":{"showFog":true,"showMaterialUpdate":false,"showSkybox":false,"showFlares":true,"showImageEffects":true,"showParticleSystems":true},"in2DMode":false,"pivot":{"x":-1.9320414066314698,"y":3.1894917488098146,"z":-0.05223545432090759},"rotation":{"x":-0.026306146755814554,"y":0.9465846419334412,"z":-0.07999566197395325,"w":-0.3112729489803314},"size":0.8467775583267212,"orthographic":false}