{"cameraMode":{"drawMode":0,"name":"Shaded","section":"Shading Mode"},"sceneLighting":true,"audioPlay":false,"sceneViewState":{"showFog":true,"showMaterialUpdate":false,"showSkybox":true,"showFlares":true,"showImageEffects":true,"showParticleSystems":true},"in2DMode":false,"pivot":{"x":12.129080772399903,"y":0.394996702671051,"z":-11.195281028747559},"rotation":{"x":-0.10369911044836045,"y":-0.5103842616081238,"z":-0.062153410166502,"w":0.8514357805252075},"size":3.7662456035614015,"orthographic":false}