{"cameraMode":{"drawMode":0,"name":"Shaded","section":"Shading Mode"},"sceneLighting":true,"audioPlay":false,"sceneViewState":{"showFog":true,"showMaterialUpdate":false,"showSkybox":true,"showFlares":true,"showImageEffects":true,"showParticleSystems":true},"in2DMode":false,"pivot":{"x":470.01165771484377,"y":193.8757781982422,"z":0.8445587158203125},"rotation":{"x":-0.05877315253019333,"y":0.011078217066824437,"z":-0.0006433878443203867,"w":-0.9982238411903381},"size":113.35704803466797,"orthographic":false}