{"cameraMode":{"drawMode":0,"name":"Shaded","section":"Shading Mode"},"sceneLighting":true,"audioPlay":false,"sceneViewState":{"showFog":true,"showMaterialUpdate":false,"showSkybox":true,"showFlares":true,"showImageEffects":true,"showParticleSystems":true},"in2DMode":false,"pivot":{"x":-2.954559326171875,"y":-10.354070663452149,"z":19.10593032836914},"rotation":{"x":-0.32003024220466616,"y":0.016196757555007936,"z":-0.005471343174576759,"w":-0.9472560286521912},"size":25.239990234375,"orthographic":false}