{"cameraMode":{"drawMode":0,"name":"Shaded","section":"Shading Mode"},"sceneLighting":true,"audioPlay":false,"sceneViewState":{"showFog":true,"showMaterialUpdate":false,"showSkybox":true,"showFlares":true,"showImageEffects":true,"showParticleSystems":true},"in2DMode":false,"pivot":{"x":36.18137741088867,"y":-7.629643440246582,"z":4.52241325378418},"rotation":{"x":-0.46450042724609377,"y":0.02709210105240345,"z":-0.014210064895451069,"w":-0.885057270526886},"size":11.102713584899903,"orthographic":false}